SET SCHEMA FN71970;

--INSERT INTO USERS
INSERT INTO USERS (USERNAME, UPASSWORD, FAVGENRE, MTAX) VALUES ('tskirilowa', 'cvetieyaka1106', 'pop', 7);
INSERT INTO USERS (USERNAME, UPASSWORD, FAVGENRE, MTAX) VALUES ('kaloqm', 'cvetieyaka', 'rap', 7);
INSERT INTO USERS (USERNAME, UPASSWORD, FAVGENRE, MTAX) VALUES ('sashtka', 'obichamsladoled', 'pop-rock', 7);

--INSERT INTO ARTISTS
INSERT INTO ARTISTS (USERNAME, APASSWORD, SONGS, ALBUMS, YTAX, MSTREAMS, INCOME) VALUES ('Demi Lovato', 'callmethey', 80, 6, 60, 33541383, 14758208.52);
INSERT INTO ARTISTS (USERNAME, APASSWORD, SONGS, ALBUMS, YTAX, MSTREAMS, INCOME) VALUES ('Queen', 'freddie_merc', 125, 15, 60, 37159330, 16350105.2);
INSERT INTO ARTISTS (USERNAME, APASSWORD, SONGS, ALBUMS, YTAX, MSTREAMS, INCOME) VALUES ('Dua Lipa', 'iloveuk', 33, 2, 60, 67144148, 29543425.12);

--INSERT INTO SONGS
INSERT INTO SONGS (NAME, SYEAR, ANAME, ALBUM, GENRE) VALUES ('HEART ATTACK', 2021, 'Demi Lovato', 'Y', 'pop');
INSERT INTO SONGS (NAME, SYEAR, ANAME, ALBUM, GENRE) VALUES ('Bohemian Rhapsody', 1975, 'Queen', 'Y', 'rock');
INSERT INTO SONGS (NAME, SYEAR, ANAME, ALBUM, GENRE) VALUES ('We are good', 2020, 'Dua Lipa', 'Y', 'pop');
INSERT INTO SONGS (NAME, SYEAR, ANAME, ALBUM, GENRE) VALUES ('This is me', 2008, 'Demi Lovato', 'N', 'pop');

--INSERT INTO PLAYLIST
INSERT INTO PLAYLISTS (NAME, UNAME) VALUES ('kasno vecher', 'sashtka');
INSERT INTO PLAYLISTS (NAME, UNAME) VALUES ('tanci-manci', 'tskirilowa');
INSERT INTO PLAYLISTS (NAME, UNAME) VALUES ('MEMES', 'kaloqm');

--INSERT INTO CONTAINS
INSERT INTO FN71970.CONTAINS (PID, ANAME, SNAME, SYEAR) VALUES (1,'Demi Lovato', 'HEART ATTACK', 2021);
INSERT INTO FN71970.CONTAINS (PID, ANAME, SNAME, SYEAR) VALUES (1,'Dua Lipa', 'We are good', 2020);
INSERT INTO FN71970.CONTAINS (PID, ANAME, SNAME, SYEAR) VALUES (1,'Queen', 'Bohemian Rhapsody', 1975);
INSERT INTO FN71970.CONTAINS (PID, ANAME, SNAME, SYEAR) VALUES (2,'Queen', 'Bohemian Rhapsody', 1975);